message_id,date,symbol,pair,side,entry_values,entry_mid,stop_loss,targets,raw_text,entry_range_pct,stop_loss_pct,number_of_targets,tp1_R,tp2_R,tp3_R,tp4_R,tp5_R,tp6_R,tp7_R,tp8_R,tp9_R,tp10_R,tp11_R,tp12_R,tp13_R,tp14_R,highest_target_hit,was_profitable,was_full_tp,was_partial_tp,was_loss,had_unresolved_profit_signal,linked_update_ids
87,2021-11-13T19:02:36,DASH,USDT,long,"[227.0, 224.0]",225.5,216.0,"[231.0, 235.0, 240.0, 245.0, 256.0, 264.0, 272.0, 280.0]","COIN NAME: #DASH/USDT

LONG SET-UP

#DASH Forming a Symmetrical Traingle in 1hr time frame and already broke that and looking bullish. So buy a bag of #DASH in our buy zone and hold it for good profit.

Entry: 227 - 224$(Buy partially)

Target: 231 - 235 - 240 - 245 - 256 - 264 - 272 - 280$(Shot term)

Stoploss: 216$(If daily candle closes below there)",0.013303769401330377,0.04212860310421286,8,0.5789473684210527,1.0,1.5263157894736843,2.0526315789473686,3.210526315789474,4.052631578947368,4.894736842105263,5.7368421052631575,,,,,,,2,True,False,True,False,True,"[88, 89, 90]"
105,2021-11-20T13:38:51,ONE,USDT,long,"[0.286, 0.275]",0.28049999999999997,0.25,"[0.29, 0.293, 0.298, 0.304, 0.315, 0.33, 0.35, 0.365]","COIN NAME: #ONE/USDT

LONG SET-UP

#ONE Forming a Falling wedge pattern in 1hr time frame and already broke that and looking bullish. So buy a bag of #ONE in our buy zone and hold it for good profit.


Entry: 0.286 - 0.275$(Buy partially)

Target: 0.29 - 0.293 - 0.298 - 0.304 - 0.315 - 0.33 - 0.35 - 0.365$(short - mid term)

Stop loss: 0.25$",0.039215686274509644,0.10873440285204983,8,0.31147540983606614,0.4098360655737712,0.5737704918032798,0.7704918032786899,1.1311475409836087,1.622950819672134,2.2786885245901662,2.770491803278692,,,,,,,8,True,True,False,False,True,"[106, 107, 108, 109, 110, 111, 112, 113, 114, 115, 122, 123, 124, 125, 126, 127, 128, 130, 131, 132, 134, 135, 136, 137, 138, 144, 145, 146, 147, 148, 149, 150, 151, 152, 153, 154, 155, 156, 157, 158, 159, 160, 161, 165, 166, 167, 168, 169, 170, 171, 172, 173, 174, 177, 178, 179, 180, 182, 183, 184, 185, 189, 191, 192, 193, 194, 195, 196, 197, 201, 202, 204, 207, 209, 211, 212, 214, 216, 217, 218, 219, 220, 221, 224, 225]"
113,2021-11-22T18:20:17,ATOM,USDT,long,"[32.9, 32.0]",32.45,30.0,"[33.3, 33.8, 34.5, 35.5, 37.0, 38.5, 40.0, 43.0]","COIN NAME: #ATOM/USDT

LONG SET-UP

#ATOM Forming a downtrend channel and already broke that and looking bullish from here. So buy a bag of #ATOM in our buy zone and hold it for good profit.

Entry: 32.9 - 32.0$

Target: 33.3 - 33.8 - 34.5 - 35.5 - 37.0 - 38.5 - 40.0 - 43.0$(Short-mid term)

Stoploss: 30.0$",0.027734976887519216,0.07550077041602474,8,0.34693877551020136,0.5510204081632624,0.8367346938775488,1.2448979591836709,1.8571428571428539,2.4693877551020367,3.0816326530612197,4.306122448979585,,,,,,,8,True,True,False,False,True,"[114, 115, 160, 161, 165, 170, 171, 183, 191, 192, 193, 194, 195, 197]"
146,2021-12-15T05:57:47,BNB,USDT,long,"[529.0, 490.0]",509.5,450.0,"[535.0, 540.0, 551.0, 563.0, 579.0, 597.0, 620.0, 640.0, 680.0, 700.0]","COIN NAME: #BNB/USDT

LONG SET-UP

LAVERAGE: 5-10X

#BNB exactly bounced back from its support zone and looking bullish. So buy a bag of #BNB in our buy zone and hold it for good profit.

ENTRY: 529 - 490$(Buy partially)

TARGET: 535 - 540 - 551 - 563 - 579 - 597(Short-Mid term)

Long term: 620 - 640 - 680 - 700$

STOPLOSS: 450$

Note: Don't wait for all Targets. Book Profit partially and after some target move your Stop loss near buy zone or in Profit zone. BTC is looking unstable so use low Laverage and small amount of your capital.",0.07654563297350343,0.11678115799803729,10,0.42857142857142855,0.5126050420168067,0.6974789915966386,0.8991596638655462,1.1680672268907564,1.4705882352941178,1.8571428571428572,2.19327731092437,2.865546218487395,3.2016806722689077,,,,,3,True,False,True,False,True,"[149, 152, 154, 178, 189]"
160,2021-12-19T05:02:17,ATOM,USDT,long,"[23.2, 22.0]",22.6,20.6,"[23.6, 24.0, 24.5, 25.0, 26.0, 27.0, 28.5, 30.0]","COIN NAME: #ATOM/USDT

LONG SET-UP

LAVERAGE: 5-10x

#ATOM is forming a Falling Wedge pattern in 4hr time and already broke that and looking bullish. So buy a bag of #ATOM in our buy zone and hold it for good profit.

Entry: 23.2 - 22.0$(Buy partially)

Target: 23.6 - 24.0 - 24.5 - 25.0 - 26.0 - 27.0 - 28.5 - 30.0$(Short- mid term)

Stoploss: 20.6$",0.05309734513274333,0.08849557522123894,8,0.5,0.6999999999999993,0.9499999999999993,1.1999999999999993,1.6999999999999993,2.1999999999999993,2.9499999999999993,3.6999999999999993,,,,,,,8,True,True,False,False,True,"[161, 165, 170, 171, 183, 191, 192, 193, 194, 195, 197]"
191,2022-01-01T12:10:22,ATOM,USDT,long,"[33.5, 31.0]",32.25,28.0,"[34.0, 34.5, 35.0, 36.0, 37.0, 38.0, 40.0, 43.0]","COIN NAME: #ATOM/USDT

LONG SET-UP

LAVERAGE: 5-10X

#ATOM/USDT broke a inverse Head and shoulder pattern in 4hr time frame and looking bullish. So buy a bag of #ATOM in our buy zone and hold it for good profit.

ENTRY: 33.5 - 31.00$(Buy partially)

TARGET: 34 - 34.5 - 35 - 36 - 37 - 38 - 40 - 43$(Short-Mid term)


STOPLOSS: 28$",0.07751937984496124,0.13178294573643412,8,0.4117647058823529,0.5294117647058824,0.6470588235294118,0.8823529411764706,1.1176470588235294,1.3529411764705883,1.8235294117647058,2.5294117647058822,,,,,,,8,True,True,False,False,True,"[192, 193, 194, 195, 197]"
370,2022-03-17T07:36:21,SXP,USDT,long,"[1.35, 1.25]",1.3,1.2,"[1.38, 1.4, 1.42, 1.44, 1.48, 1.54, 1.62, 1.74, 1.9, 2.2]","COIN NAME: #SXP/USDT

LONG SET-UP

LAVERAGE: 5-10X

Entry: 1.35 - 1.25$(Buy partially)

Target: 1.38 - 1.40 - 1.42 - 1.44 - 1.48 - 1.54 - 1.62 - 1.74 - 1.90 - 2.20$(Short-mid term)

Stoploss: 1.20$",0.07692307692307698,0.07692307692307698,10,0.7999999999999978,0.9999999999999978,1.1999999999999977,1.3999999999999977,1.7999999999999978,2.3999999999999977,3.199999999999998,4.399999999999996,5.999999999999994,8.999999999999993,,,,,8,True,False,True,False,True,"[371, 374, 380, 395, 428]"
377,2022-03-19T11:48:40,ETC,USDT,long,"[29.4, 27.0]",28.2,25.0,"[30.0, 30.5, 31.0, 31.5, 33.0, 35.0, 37.0, 40.0, 43.0]","COIN NAME: #ETC/USDT

LONG SET-UP

LAVERAGE: 5-10X

Entry: 29.4 - 27.0$(Buy partially)

Target: 30.0 - 30.5 - 31.0 - 31.5 - 33.0 - 35.0 - 37.0 - 40.0 - 43.0$(Short-mid term)

Stoploss: 25.0$",0.08510638297872336,0.11347517730496452,9,0.5625000000000003,0.7187500000000003,0.8750000000000004,1.0312500000000004,1.5000000000000007,2.125000000000001,2.750000000000001,3.687500000000001,4.625000000000001,,,,,,9,True,True,False,False,True,"[378, 379, 383, 384, 392]"
413,2022-03-27T12:32:13,EOS,USDT,long,"[2.56, 2.28]",2.42,2.0,"[2.6, 2.64, 2.68, 2.72, 2.85, 3.0, 3.15, 3.3, 3.6, 4.0]","COIN NAME: #EOS/USDT

LONG SET-UP

LAVERAGE: 5-10X

#EOS Already Breaked the falling wedge pattern and now breaking the Bull flag also and that's indicate bullish sign. So buy some #EOS in our buy zone and hold it for good profit.

Entry: 2.56 - 2.28(Buy partially)

Target: 2.6 - 2.64 - 2.68 - 2.72 - 2.85 - 3.0 - 3.15 - 3.30 - 3.60 - 4.0$(Short-mid term)

Stop loss: 2.00$",0.11570247933884308,0.17355371900826444,10,0.42857142857142905,0.5238095238095244,0.6190476190476197,0.7142857142857151,1.0238095238095244,1.3809523809523814,1.7380952380952384,2.0952380952380953,2.80952380952381,3.7619047619047628,,,,,1,True,False,True,False,True,"[414, 420]"
449,2022-03-30T10:38:32,LINK,USDT,long,"[17.3, 15.5]",16.4,14.0,"[17.6, 17.8, 18.1, 18.3, 19.0, 19.8, 20.6, 21.6, 24.0, 27.0, 29.0, 32.0]","COIN NAME: #LINK/USDT

LONG SET-UP

LAVERAGE: 5-10X 

Entry: 17.3 - 15.5$(Buy partially)

Target: 17.6 - 17.8 - 18.1 - 18.3 - 19.0 - 19.8 - 20.6 - 21.6$(Short-mid term)

Long term: 24 - 27 - 29 - 32$

Stoploss: 14.0$",0.10975609756097567,0.14634146341463408,12,0.5000000000000014,0.5833333333333346,0.7083333333333349,0.7916666666666681,1.0833333333333346,1.4166666666666683,1.7500000000000022,2.166666666666669,3.166666666666669,4.41666666666667,5.2500000000000036,6.500000000000004,,,3,True,False,True,False,True,"[451, 452, 476, 494, 498, 502]"
540,2022-04-30T20:52:44,SHIB,USDT,short,"[0.0214, 0.023]",0.022199999999999998,0.0245,"[0.0212, 0.0208, 0.0206, 0.0204, 0.0196, 0.019, 0.0184, 0.0178, 0.0165, 0.015, 0.0135, 0.012]","COIN NAME: #SHIB/USDT

SHORT SET-UP

LEVERAGE: 5-10X

It is already Breaked down the symmetrical Traingle and looking Bearish.

Entry: 0.0214 - 0.0230$(Buy partially)

Target: 0.0212 - 0.0208 - 0.0206 - 0.0204 - 0.0196 - 0.0190 - 0.0184 - 0.0178$(Short-mid term)

Long term: 0.0165 - 0.0150 - 0.0135 - 0.0120$

Stoploss: 0.0245$",0.07207207207207211,0.10360360360360377,12,0.4347826086956504,0.6086956521739114,0.6956521739130412,0.7826086956521711,1.1304347826086931,1.391304347826084,1.652173913043475,1.9130434782608656,2.4782608695652124,3.13043478260869,3.782608695652167,4.434782608695644,,,12,True,True,False,False,True,"[542, 571, 575, 578, 623, 624, 635, 636, 641]"
552,2022-05-03T10:17:58,ICP,USDT,long,"[13.4, 12.0]",12.7,11.0,"[13.6, 13.8, 14.05, 14.3, 14.8, 15.2, 15.7, 16.4, 18.5, 23.0, 30.0, 38.0]","COIN NAME: ICP/USDT

LONG SET-UP

LEVERAGE: 5-10X

Entry: 13.40 - 12.00$(Buy partially)

Target: 13.60 - 13.80 - 14.05 - 14.30 - 14.80 - 15.20 - 15.70 - 16.40$

Long term: 18.50 - 23.00 - 30.00 - 38.00$

Stoploss: 11.00$(If daily candle closes below there)",0.11023622047244098,0.1338582677165354,12,0.5294117647058828,0.6470588235294129,0.7941176470588247,0.9411764705882365,1.2352941176470602,1.4705882352941182,1.764705882352942,2.176470588235295,3.4117647058823546,6.058823529411768,10.176470588235299,14.882352941176478,,,3,True,False,True,False,True,"[553, 554, 559, 619, 620]"
721,2022-07-06T13:37:20,AR,USDT,long,"[11.7, 10.0]",10.85,9.0,"[12.0, 12.3, 12.6, 12.9, 13.4, 14.0, 14.6, 15.2, 16.0]","COIN NAME: #AR/USDT

LONG SET-UP

LEVERAGE: 5-10X

#AR Already Breaked out the ascending traingle on 4hr time frame. So after successful retest we expect a bullish move on #AR. So buy some #AR in our given zone and hold it for good profit.

Entry: 11.7 - 10.00$(Buy partially)

Target: 12.00 - 12.30 - 12.60 - 12.90 - 13.40 - 14.00 - 14.60 - 15.20 - 16.00$(Short -mid term)

Stoploss: 9.00$",0.15668202764976952,0.1705069124423963,9,0.6216216216216219,0.7837837837837845,0.9459459459459462,1.1081081081081088,1.378378378378379,1.7027027027027033,2.027027027027027,2.3513513513513518,2.7837837837837847,,,,,,9,True,True,False,False,True,"[722, 723, 724, 725, 726, 727, 728, 729, 730, 731, 732, 734, 735, 736, 737, 738, 739, 741, 742, 743, 744, 745, 746, 747, 748, 749, 750, 751, 752, 755, 756, 757, 758, 759, 760, 761, 762, 763, 764, 765, 766, 767, 768, 769, 770, 771, 772, 773, 774, 775, 776, 777, 778, 779, 780, 781, 782, 783, 784, 785, 786, 787, 788, 789, 790, 791, 792, 794, 796, 797, 798, 799, 800, 801, 802, 803, 804, 805, 806, 807, 808, 809, 810, 811, 812, 814, 816, 817, 818, 819, 820, 821, 823, 824, 825, 826, 827, 828, 830, 832, 833, 834, 835, 836, 837, 838, 840, 841, 842, 843]"
734,2022-07-10T12:33:05,UNI,USDT,long,"[6.2, 5.6]",5.9,5.0,"[6.35, 6.5, 6.65, 6.8, 7.1, 7.4, 7.8, 8.2, 8.8, 9.5]","COIN NAME: #UNI/USDT

LONG SET-UP

LEVERAGE: 5-10X

#UNI already Breaked out the inverse Head and shoulder pattern and looking bullish after successful retest. So buy some #UNI in our buy zone and hold it for good profit.

Entry: 6.20 - 5.60$(Buy partially)

Target: 6.35 - 6.50 - 6.65 - 6.80 - 7.10 - 7.40 - 7.80 - 8.20 - 8.80 - 9.50$(Short-mid term)

Stoploss: 5.00$",0.10169491525423738,0.15254237288135597,10,0.499999999999999,0.666666666666666,0.833333333333333,0.999999999999999,1.333333333333332,1.666666666666666,2.11111111111111,2.5555555555555536,3.2222222222222214,3.9999999999999982,,,,,10,True,True,False,False,True,"[735, 747, 760, 796, 799, 800, 803]"
774,2022-07-19T11:40:47,ETH,USDT,long,"[1532.0, 1400.0]",1466.0,1178.0,"[1600.0, 1700.0, 1800.0, 1900.0, 2000.0, 3000.0, 5000.0]","COIN NAME: #ETH/USDT

LONG SET-UP

LEVERAGE: 5-15X

#ETH Filled all the liquidity below $1000 is now ready to blast towards $2000 zones but as market is volatile averaging out will be the best possible option for now 
Entry: 1532-1400$(Buy partially)

Target: 1600-1700-1800-1900-2000-3000-5000 (Short-mid term)

Stoploss: $1178",0.09004092769440655,0.19645293315143247,7,0.4652777777777778,0.8125,1.1597222222222223,1.5069444444444444,1.8541666666666667,5.326388888888889,12.270833333333334,,,,,,,,1,True,False,True,False,True,"[777, 785, 791, 816, 818, 867, 893]"
788,2022-07-24T20:21:33,XLM,USDT,long,"[0.113, 0.104]",0.1085,0.096,"[0.116, 0.118, 0.12, 0.123, 0.127, 0.13, 0.134, 0.142, 0.15]","COIN NAME: #XLM/USDT

LONG SET-UP

LEVERAGE: 5-10X

#XLM already break out the Falling Wedge pattern on daily time frame and now heading Upside after successful retest. So we will expect more bullish momentum on it.

Entry: 0.113 - 0.104$(Buy partially)

Target: 0.116 - 0.118 - 0.120 - 0.123 - 0.127 - 0.130 - 0.134 - 0.142 - 0.150$(Short-mid term)

Stoploss: 0.0960$",0.08294930875576044,0.11520737327188937,9,0.6000000000000006,0.7599999999999998,0.9199999999999999,1.1600000000000001,1.4800000000000004,1.7200000000000009,2.0400000000000014,2.6799999999999997,3.3200000000000003,,,,,,7,True,False,True,False,True,"[795, 802, 811, 851, 853]"
908,2022-08-20T20:49:00,ENJ,USDT,short,"[0.56, 0.62]",0.5900000000000001,0.62,"[0.55, 0.538, 0.526, 0.515, 0.495, 0.475, 0.455, 0.435, 0.4]","COIN: #ENJ/USDT

SHORT SET-UP

LEV: 5-10X

#ENJ already Breaked down the Uptrend channel and looking Bearish.

Entry: 0.560 - 0.620$(Enter partially)

Target: 0.550 - 0.538 - 0.526 - 0.515 - 0.495 - 0.475 - 0.455 - 0.435 - 0.400$(Short -mid term)

Stoploss: 0.620$",0.10169491525423717,0.050847457627118495,9,1.3333333333333384,1.7333333333333398,2.1333333333333413,2.5000000000000093,3.1666666666666785,3.8333333333333477,4.500000000000015,5.166666666666684,6.3333333333333535,,,,,,9,True,True,False,False,True,"[909, 910, 911, 912, 914, 917, 919, 923, 925, 928, 929, 930, 931, 934, 935, 936, 937, 938, 939, 951, 957, 958, 959, 961, 962, 963, 964, 965, 966, 974, 975, 976, 980, 981, 982, 990, 991, 994, 995, 996, 1004, 1006, 1014, 1019, 1020, 1025, 1026]"
926,2022-08-27T11:41:18,NEAR,USDT,short,"[3.93, 4.2]",4.065,4.5,"[3.85, 3.75, 3.65, 3.55, 3.4, 3.2, 3.1, 3.0]","COIN: #NEAR/USDT

SHORT SET-UP

LEVERAGE: 5-10X

#NEAR already Breaked down the neckline of the Head and shoulder pattern and looking Bearish.

Entry: 3.93 - 4.20$(Enter partially)

Target: 3.85 - 3.75 - 3.65 - 3.55 - 3.40 - 3.20 - 3.10 - 3.00$(Short term)

Stoploss: 4.50$",0.06642066420664207,0.107011070110701,8,0.4942528735632195,0.7241379310344843,0.9540229885057491,1.183908045977014,1.5287356321839105,1.9885057471264391,2.218390804597704,2.4482758620689684,,,,,,,2,True,False,True,False,True,"[927, 935, 936, 940, 943, 945, 946, 952, 953, 965, 966, 967, 968, 971, 972, 974, 975, 978, 980, 983, 984, 985, 986, 994, 1000, 1001, 1003, 1021, 1023, 1028, 1029, 1030, 1036, 1039, 1040, 1041, 1042, 1044, 1046]"
1132,2022-10-26T17:53:14,ONE,USDT,long,"[0.0179, 0.017]",0.01745,0.0165,"[0.0182, 0.0186, 0.019, 0.0194, 0.0202, 0.021, 0.022]","Coin: #ONE/USDT

Long Set-up

Lev: 5-10x

#ONE already Breaked the Falling Wedge pattern and looking bullish. 

Entry: 0.01790 - 0.01700$(Buy partially)

Target: 0.01820 - 0.01860 - 0.01900 - 0.01940 - 0.02020 - 0.02100 - 0.02200$(Short term)

Stoploss: 0.01650$",0.051575931232091574,0.05444126074498564,7,0.7894736842105274,1.2105263157894726,1.6315789473684212,2.05263157894737,2.8947368421052637,3.736842105263161,4.789473684210527,,,,,,,,7,True,True,False,False,True,"[1133, 1134, 1135, 1136, 1137, 1138, 1140, 1141, 1143, 1144, 1148, 1151, 1152, 1153, 1157, 1158, 1161, 1164, 1168, 1169, 1170, 1171, 1172, 1173, 1174, 1175, 1177, 1178, 1179, 1180, 1181, 1182, 1183, 1184, 1186, 1187, 1190, 1192, 1193, 1196, 1197, 1198, 1199, 1200, 1201, 1202, 1203, 1204, 1208, 1209, 1212, 1213, 1214, 1217, 1218, 1219, 1222, 1223, 1224, 1238, 1239, 1241, 1242, 1244, 1250]"
1225,2022-11-10T12:24:55,ETH,USDT,short,"[1190.0, 1300.0]",1245.0,1380.0,"[1150.0, 1120.0, 1090.0, 1060.0, 1000.0, 940.0, 880.0, 820.0, 760.0, 700.0]","Coin: #ETH/USDT

Short Set-up

Lev: 3-5X

#ETH breaked down the symmetrical Traingle and looking bearsish.

Entry: 1190 - 1300$(Enter partially)

Target: 1150 - 1120 - 1090 - 1060 - 1000 - 940 - 880 - 820 - 760 - 700$(Short-mid term)

Stoploss: 1380$",0.08835341365461848,0.10843373493975904,10,0.7037037037037037,0.9259259259259259,1.1481481481481481,1.3703703703703705,1.8148148148148149,2.259259259259259,2.7037037037037037,3.1481481481481484,3.5925925925925926,4.037037037037037,,,,,3,True,False,True,False,True,"[1226, 1228, 1230, 1240, 1276, 1284, 1293, 1312, 1330, 1341]"
1270,2022-11-20T21:06:15,CHZ,USDT,short,"[0.209, 0.225, 0.235]",0.223,0.245,"[0.206, 0.202, 0.198, 0.194, 0.188, 0.18, 0.172, 0.165, 0.154, 0.14]","Coin: #CHZ/USDT

Short Set-up

Lev: 5-10x

#CHZ already Breaked down the Bear flag pattern and looking bearsish.

Entry: 0.209 - 0.225 - 0.235$(Enter partially)

Target: 0.206 - 0.202 - 0.198 - 0.194 - 0.188 - 0.180 - 0.172 - 0.165 - 0.154 - 0.140$+(Short -mid term)

Stoploss: 0.245$",0.11659192825112105,0.09865470852017934,10,0.7727272727272737,0.9545454545454545,1.1363636363636365,1.3181818181818186,1.5909090909090917,1.9545454545454557,2.3181818181818197,2.636363636363637,3.136363636363638,3.772727272727274,,,,,9,True,False,True,False,True,"[1271, 1272, 1273, 1282, 1300, 1309, 1338]"
1306,2022-11-30T13:29:49,ENS,USDT,long,"[13.75, 13.3]",13.525,13.1,"[14.0, 14.25, 14.5, 14.8, 15.3, 15.8, 16.3, 16.8, 18.0]","Coin: #ENS/USDT

Long set-up

Lev: 5-10x

#ENS already Breaked out the Ascending traingle and looking bullish.

Entry: 13.750 - 13.300$(Buy partially)

Target: 14.00 - 14.250 - 14.500 - 14.800 - 15.300 - 15.800 - 16.300 - 16.800 - 18.00$(Short -mid term)

Stoploss: 13.100$",0.033271719038816955,0.03142329020332722,9,1.1176470588235268,1.7058823529411729,2.294117647058819,2.999999999999996,4.176470588235288,5.35294117647058,6.5294117647058725,7.705882352941164,10.529411764705864,,,,,,2,True,False,True,False,True,"[1307, 1308, 1310, 1325]"
1336,2022-12-12T11:09:06,BTC,USDT,short,"[16960.0, 17212.0]",17086.0,17500.0,"[16700.0, 16400.0, 16100.0, 15800.0, 15500.0]","Coin: #BTC/USDT

Short Set-up

Lev: 5-10x

#BTC already Breaked down the Rising Wedge pattern and looking bearsish.

Entry: 16960 - 17212$(Enter partially)

Target: 16700 - 16400 - 16100 - 15800 - 15500$(Short term)

Stoploss: 17500$",0.014748917242186585,0.024230364040735104,5,0.9323671497584541,1.6570048309178744,2.3816425120772946,3.106280193236715,3.8309178743961354,,,,,,,,,,0,False,False,False,True,True,"[1337, 1347, 1351, 1353, 1359, 1360, 1363, 1371, 1378, 1381, 1385, 1388, 1394, 1399, 1406, 1420, 1435, 1436, 1455]"
1619,2023-03-13T21:36:38,BTC,USDT,short,"[24200.0, 25200.0]",24700.0,26800.0,"[23600.0, 23000.0, 22200.0, 21400.0, 20250.0, 19400.0, 18000.0]","Coin : #BTC/USDT

Short Set-Up

Leverage: 3-5x

#BTC Now testing the importance resistance zone. So we can expect a rejection from the resistance zone. 

Entry: 24200 - 25200$(Enter Partially)

Targets: 23600 - 23000 - 22200 - 21400 - 20250 - 19400 - 18000$+(Short -mid term)

Stop-loss: 26800$",0.04048582995951417,0.08502024291497975,7,0.5238095238095238,0.8095238095238095,1.1904761904761905,1.5714285714285714,2.119047619047619,2.5238095238095237,3.1904761904761907,,,,,,,,0,False,False,False,True,True,"[1620, 1625, 1626, 1631, 1634, 1637, 1648, 1685, 1709, 1716, 1718, 1721, 1728, 1740]"
1770,2023-04-10T07:54:40,ETH,USDT,long,"[1860.0, 1830.0]",1845.0,1800.0,"[1890.0, 1930.0, 1960.0, 2010.0, 2050.0, 2100.0]","Coin: #ETH/USDT

Long Set-Up 

Leverage: 5-10x

#ETH already Breaked out the bull flag and looking bullish.

Entry: 1860 - 1830$(Enter Partially)

Targets: 1890 - 1930 - 1960 - 2010 - 2050 - 2100$(Short Term)

Stop-loss: 1800$",0.016260162601626018,0.024390243902439025,6,1.0,1.8888888888888888,2.5555555555555554,3.6666666666666665,4.555555555555555,5.666666666666667,,,,,,,,,4,True,False,True,False,True,"[1771, 1772, 1774, 1775, 1810, 1814, 1833]"
1830,2023-04-15T09:41:20,XEM,USDT,long,"[0.042, 0.041]",0.0415,0.04,"[0.043, 0.0436, 0.0444, 0.0454, 0.047, 0.049, 0.0505, 0.052]","Coin: #XEM/USDT

Long Set-Up

Leverage: 5-10x

#XEM already Breaked out the Ascending triangle and looking bullish .

Entry: 0.0420 - 0.0410$(Buy Partially)

Targets: 0.0430 - 0.0436 - 0.0444 - 0.0454 - 0.0470 - 0.0490 - 0.0505 - 0.0520$(Short Term)

Stoploss: 0.0400$",0.024096385542168693,0.036144578313253045,8,0.9999999999999953,1.3999999999999972,1.9333333333333316,2.5999999999999983,3.666666666666662,4.999999999999996,5.999999999999996,6.999999999999991,,,,,,,0,False,False,False,True,True,"[1831, 1844]"
1849,2023-04-17T14:42:47,EOS,USDT,short,"[1.21, 1.25]",1.23,1.28,"[1.185, 1.16, 1.14, 1.115, 1.07, 1.03, 1.0]","Coin: #EOS/USDT

Short Set-Up

Leverage: 5-10x

#EOS already Breaked down the Rising wedge pattern and looking Bearsish. 

Entry: 1.210 - 1.250$(Enter Partially)

Targets: 1.185 - 1.160 - 1.140 - 1.115 - 1.070 - 1.030 - 1.000$(Short Term)

Stoploss: 1.280$",0.032520325203252064,0.040650406504065074,7,0.8999999999999978,1.4,1.8,2.2999999999999976,3.1999999999999957,3.9999999999999956,4.599999999999995,,,,,,,,6,True,False,True,False,True,"[1850, 1866, 1877, 1890, 1933]"
1960,2023-05-03T08:50:33,ONE,USDT,short,"[0.0188, 0.02]",0.0194,0.021,"[0.0184, 0.018, 0.0177, 0.0174, 0.0168, 0.0162, 0.0156, 0.015]","Coin: #ONE/USDT

Short Set-Up

Leverage: 5-10x

#ONE already Breaked down the neckline of Head and Shoulder pattern and looking Bearsish.

Entry: 0.01880 - 0.02000$(Enter Partially)

Targets: 0.01840 - 0.01800 - 0.01770 - 0.01740 - 0.01680 - 0.01620 - 0.01560 - 0.01500$(Short Term)

Stoploss: 0.02100$",0.061855670103092765,0.08247422680412375,8,0.6250000000000002,0.8750000000000008,1.0624999999999996,1.2500000000000004,1.6250000000000002,2.0,2.3749999999999996,2.7499999999999996,,,,,,,8,True,True,False,False,True,"[1961, 1965, 1966, 1967, 1968, 1970, 1971, 1978, 1985, 1988, 1990, 1991, 1993, 1994, 1997, 1998, 1999, 2000, 2001, 2004, 2005, 2010, 2011, 2028, 2029, 2031, 2032, 2035, 2036, 2037, 2038, 2039, 2040, 2041, 2042, 2043, 2044, 2045, 2046, 2047, 2056, 2060, 2061, 2064, 2067, 2068, 2069, 2070, 2071, 2072, 2073, 2074, 2075, 2076, 2077, 2080, 2081, 2082, 2083, 2084, 2088, 2093, 2094, 2095, 2096, 2101]"
2006,2023-05-06T21:42:49,CHZ,USDT,short,"[0.125, 0.128]",0.1265,0.13,"[0.123, 0.121, 0.119, 0.117, 0.112, 0.108, 0.105]","Coin: #CHZ/USDT

Short Set-Up

Leverage: 5-10x

#CHZ already Breaked down the Rising wedge pattern and looking Bearsish.

Entry: 0.1250 - 0.1280$(Enter Partially)

Targets: 0.1230 - 0.1210 - 0.1190 - 0.1170 - 0.1120 - 0.1080 - 0.1050$(Short Term)

Stoploss: 0.1300$",0.023715415019762865,0.027667984189723344,7,1.0,1.5714285714285714,2.142857142857143,2.7142857142857104,4.142857142857139,5.285714285714282,6.142857142857139,,,,,,,,5,True,False,True,False,True,"[2007, 2040, 2074, 2080]"
2133,2023-05-15T13:37:49,LINA,USDT,long,"[0.0099, 0.0096]",0.00975,0.0093,"[0.0101, 0.0103, 0.0105, 0.01075, 0.0112, 0.0116, 0.012, 0.0125]","Coin: #LINA/USDT

Long Set-Up

Leverage: 5-10x

#LINA already Breaked out the Falling wedge pattern and looking Bullish.

Entry: 0.00990 - 0.00960$(Buy Partially)

Targets: 0.01010 - 0.01030 - 0.01050 - 0.01075 - 0.01120 - 0.01160 - 0.01200 - 0.01250$(Short - mid term)

Stoploss: 0.00930$",0.030769230769230937,0.04615384615384623,8,0.7777777777777757,1.2222222222222205,1.6666666666666654,2.2222222222222165,3.2222222222222165,4.111111111111103,4.999999999999992,6.111111111111103,,,,,,,6,True,False,True,False,True,"[2134, 2137, 2141, 2144, 2145, 2148, 2199, 2241, 2242, 2251, 2252]"
2369,2023-06-09T23:52:11,OP,USDT,short,"[1.334, 1.35]",1.342,1.365,"[1.31, 1.28, 1.25, 1.22, 1.2, 1.17, 1.14]","Coin: #OP/USDT

Short Set-Up

Leverage: 5-10x

#OP already Breaked down the Descending Traingle and looking Bearish.

Entry: 1.3340 - 1.3500$(Enter Partially)

Targets: 1.3100 - 1.2800 - 1.2500 - 1.2200 - 1.2000 - 1.1700 - 1.1400$(Short Term)

Stoploss: 1.3650$",0.011922503725782425,0.01713859910581215,7,1.3913043478260936,2.6956521739130563,4.0000000000000195,5.304347826086982,6.173913043478291,7.478260869565253,8.782608695652216,,,,,,,,7,True,True,False,False,True,"[2370, 2371, 2384, 2387, 2389, 2394, 2396, 2403, 2405, 2414, 2419, 2422, 2426, 2428, 2445, 2447, 2449, 2455, 2458, 2461, 2466, 2472, 2475, 2477, 2479, 2480, 2482, 2484, 2492, 2496, 2498, 2501]"
2455,2023-06-19T22:22:46,REN,USDT,long,"[0.0546, 0.0535]",0.05405,0.0526,"[0.0555, 0.0565, 0.058, 0.059, 0.061, 0.063, 0.0645, 0.066]","Coin: #REN/USDT

Long Set-Up

Leverage: 5-10x

#REN already Breaked out the Traingle and looking Bullish.

Entry: 0.05460 - 0.05350$(Buy Partially)

Targets: 0.05550 - 0.05650 - 0.05800 - 0.05900 - 0.06100 - 0.06300 - 0.06450 - 0.06600$(Short Term)

Stop-loss: 0.05260$",0.020351526364477405,0.02682701202590194,8,1.0,1.6896551724137938,2.7241379310344844,3.4137931034482736,4.793103448275861,6.172413793103448,7.206896551724139,8.24137931034483,,,,,,,0,False,False,False,True,True,"[2456, 2457, 2484, 2485, 2504, 2516, 2521, 2523, 2547]"
2569,2023-07-08T10:26:36,AVAX,USDT,long,"[13.66, 13.0]",13.33,12.6,"[13.9, 14.2, 14.5, 14.8, 15.3, 15.6, 16.0]","Coin: #AVAX/USDT

Long Set-Up

Leverage: 5-10x

#AVAX already Breaked out the Symmetrical Triangle and looking bullish.

Entry: 13.66 - 13.00$(Buy Partially)

Targets: 13.90 - 14.20 - 14.50 - 14.80 - 15.30 - 15.60 - 16.00$(Short Term)

Stoploss: 12.600$",0.04951237809452364,0.054763690922730715,7,0.7808219178082191,1.1917808219178065,1.6027397260273961,2.013698630136986,2.6986301369863006,3.109589041095888,3.65753424657534,,,,,,,,7,True,True,False,False,True,"[2570, 2573, 2574, 2599, 2616, 2630, 2636, 2648, 2650]"
2715,2023-07-25T13:48:05,MANA,USDT,short,"[0.383, 0.405]",0.394,0.42,"[0.374, 0.366, 0.358, 0.35, 0.335, 0.32, 0.31]","Coin: #MANA/USDT

Short Set-Up

Leverage: 5-10x

#MANA already Breaked down the Rising wedge pattern and looking Bearish.

Entry: 0.3830 - 0.4050$(Enter Partially)

Targets: 0.3740 - 0.3660 - 0.3580 - 0.3500 - 0.3350 - 0.3200 - 0.3100$

Stop-loss: 0.4200$",0.0558375634517767,0.06598984771573596,7,0.7692307692307708,1.0769230769230793,1.3846153846153875,1.6923076923076958,2.269230769230772,2.8461538461538503,3.2307692307692357,,,,,,,,3,True,False,True,False,True,"[2716, 2718, 2720, 2746, 2748, 2752, 2755, 2758, 2763, 2765, 2767, 2771, 2778, 2780, 2784, 2787, 2789, 2792, 2804, 2806, 2815, 2819, 2825, 2827, 2835, 2841, 2843, 2845, 2846]"
2779,2023-08-03T10:49:30,THETA,USDT,short,"[0.762, 0.79]",0.776,0.82,"[0.75, 0.73, 0.71, 0.69, 0.66, 0.63, 0.6, 0.58, 0.55]","Coin: #THETA/USDT

Short Set-Up

Leverage: 5-10x

#THETA already Breaked Down the Bear flag and looking Bearish.

Entry: 0.7620 - 0.7900$(Enter Partially)

Targets: 0.7500 - 0.7300 - 0.7100 - 0.6900 - 0.6600 - 0.6300 - 0.6000 - 0.5800 - 0.5500$(Short Term)

Stoploss: 0.8200$",0.036082474226804155,0.056701030927834954,9,0.5909090909090924,1.045454545454548,1.5000000000000038,1.9545454545454595,2.6363636363636407,3.318181818181824,4.000000000000008,4.454545454545463,5.136363636363645,,,,,,0,False,False,False,True,True,"[2780, 2785, 2798, 2800, 2915]"
2834,2023-08-11T22:36:31,ONT,USDT,long,"[0.194, 0.19]",0.192,0.186,"[0.198, 0.202, 0.208, 0.212, 0.22, 0.23, 0.24]","Coin: #ONT/USDT

Long Set-Up

Leverage: 5-10x

#ONT already Breaked out the Symmetrical Triangle and looking bullish.

Entry: 0.1940 - 0.1900$

Targets: 0.1980 - 0.2020 - 0.2080 - 0.2120 - 0.2200 - 0.2300 - 0.2400$(Short-mid term)

Stoploss: 0.1860$",0.020833333333333353,0.03125000000000003,7,1.0,1.6666666666666667,2.666666666666662,3.3333333333333286,4.666666666666662,6.333333333333329,7.999999999999991,,,,,,,,2,True,False,True,False,True,"[2835, 2837, 2846, 2872, 2960, 2961]"
3014,2023-08-30T22:58:11,KLAY,USDT,short,"[0.1385, 0.15]",0.14425,0.16,"[0.135, 0.132, 0.129, 0.126, 0.12, 0.115, 0.11, 0.104, 0.094, 0.084, 0.074, 0.06]","Coin: #KLAY/USDT

Short Set-Up

Leverage: 5-10x

#KLAY already Breaked down the Head and shoulder pattern and looking Bearish.

Entry: 0.1385 - 0.1500$( Enter Partially)

Targets: 0.1350 - 0.1320 - 0.1290 - 0.1260 - 0.1200 - 0.1150 - 0.1100 - 0.1040 - 0.0940 - 0.0840 - 0.0740 - 0.0600$(Mid- long term)

Stoploss: 0.1600$",0.07972270363951461,0.10918544194107463,12,0.5873015873015855,0.777777777777776,0.9682539682539665,1.158730158730157,1.539682539682538,1.8571428571428545,2.1746031746031718,2.5555555555555527,3.190476190476187,3.825396825396821,4.460317460317456,5.3492063492063435,,,0,False,False,False,True,True,"[3015, 3017, 3038, 3067, 3077, 3089, 3125]"
3047,2023-09-07T20:26:38,ENJ,USDT,long,"[0.26, 0.245]",0.2525,0.23,"[0.266, 0.272, 0.278, 0.284, 0.295, 0.31, 0.325, 0.34, 0.37, 0.4, 0.42, 0.45]","Coin: #ENJ/USDT

Long Set-Up

Leverage: 5-10x

#ENJ already Breaked out the Traingle and looking Bullish.

Entry: 0.2600 - 0.2450$(Buy Partially)

Targets: 0.2660 - 0.2720 - 0.2780 - 0.2840 - 0.2950 - 0.3100 - 0.3250 - 0.3400 - 0.3700 - 0.4000 - 0.4200 - 0.4500$(Mid-long term)

Stoploss: 0.2300$",0.05940594059405946,0.08910891089108908,12,0.6000000000000008,0.8666666666666677,1.1333333333333346,1.3999999999999992,1.8888888888888888,2.5555555555555562,3.2222222222222237,3.888888888888891,5.222222222222224,6.555555555555559,7.444444444444446,8.77777777777778,,,12,True,True,False,False,True,"[3048, 3058, 3061, 3063, 3064, 3065, 3066, 3067, 3068, 3071, 3072, 3073, 3074, 3075, 3077, 3078, 3081, 3084, 3088, 3089, 3096, 3097, 3101, 3103, 3112, 3113, 3115, 3116, 3121, 3125, 3141, 3146, 3148, 3153, 3164]"
3196,2023-10-01T10:37:34,OP,USDT,long,"[1.36, 1.32]",1.34,1.28,"[1.39, 1.42, 1.45, 1.48, 1.54, 1.59, 1.65]","Coin: #OP/USDT

Long Set-Up

Leverage: 5-10x

#OP already Breaked out the Symmetrical Triangle and looking bullish.

Entry: 1.36 - 1.32💸(Buy Partially)

Targets: 1.39 - 1.42 - 1.45 - 1.48 - 1.54 - 1.59 - 1.65💸

Stoploss: 1.28💸",0.02985074626865674,0.044776119402985114,7,0.8333333333333296,1.3333333333333297,1.8333333333333297,2.3333333333333295,3.3333333333333295,4.166666666666663,5.166666666666659,,,,,,,,3,True,False,True,False,True,"[3197, 3212, 3214, 3216, 3217, 3220, 3234, 3244, 3246, 3248, 3255, 3262, 3263, 3265, 3269, 3271, 3274, 3277, 3279, 3283, 3288, 3317, 3323, 3330, 3343]"
3672,2023-12-15T09:31:24,OP,USDT,short,"[2.161, 2.23]",2.1955,2.302,"[2.117, 2.074, 2.032, 1.99, 1.93, 1.872, 1.796, 1.73]","Coin:#OP/USDT

Short set up

Leverage: 5-10X

#OP already break down a head and shoulder pattern and looking bearish 

Entry: 2.1610-2.2300$(enter partially)

Targets: 2.1170 - 2.0740 - 2.0320 - 1.9900 - 1.9300 - 1.8720 - 1.7960 - 1.7300$ (short term)

Stop loss: 2.3020$",0.03142792074698244,0.04850831245729904,8,0.7370892018779341,1.1408450704225364,1.535211267605633,1.9295774647887318,2.492957746478873,3.0375586854460073,3.751173708920186,4.370892018779341,,,,,,,4,True,False,True,False,True,"[3673, 3680, 3682, 3685, 3687, 3691, 3696, 3705, 3707, 3712, 3714, 3730, 3744, 3753, 3758, 3762, 3765, 3782, 3784, 3788, 3797]"
4416,2024-03-23T09:32:44,AR,USDT,long,"[38.235, 36.5]",37.3675,35.0,"[39.5, 40.5, 41.5, 42.5, 44.5, 47.0, 50.0]","Coin: #AR/USDT

Long Set-Up 

Leverage: 5-10x

#AR already breaked out the Descending channel and looking Bullish.

Entry: 38.235 - 36.500$(Buy partially)

Targets: 39.500 - 40.500 - 41.500 - 42.500 - 44.500 - 47.000 - 50.000$(Short term)

Stop-loss: 35.000$",0.046430721883990084,0.06335719542383086,7,0.9007391763463571,1.323125659978881,1.7455121436114047,2.1678986272439285,3.0126715945089764,4.068637803590286,5.335797254487857,,,,,,,,7,True,True,False,False,True,"[4417, 4418, 4419, 4420, 4421, 4422, 4423, 4424, 4425, 4426, 4427, 4428, 4429, 4430, 4431, 4432, 4433, 4434, 4435, 4436, 4437, 4438, 4439, 4440, 4441, 4442, 4443, 4444, 4445, 4446, 4447, 4448, 4449, 4450, 4452, 4453, 4454, 4455, 4456, 4457, 4458, 4459, 4460, 4462, 4463, 4464, 4465, 4466, 4467, 4468, 4469, 4471, 4472, 4473, 4474, 4475, 4476, 4477, 4478, 4479, 4480, 4481, 4482, 4484, 4485, 4486, 4487, 4488, 4489, 4490, 4491, 4493, 4494, 4495, 4496, 4497, 4498, 4500, 4501, 4502, 4506, 4507, 4508, 4509, 4510, 4511, 4512, 4514, 4515, 4516, 4517, 4518, 4519, 4520, 4521, 4522, 4523, 4524, 4525, 4526, 4527, 4528, 4529, 4530, 4531, 4533, 4534]"
4551,2024-04-19T00:03:32,ANKR,USDT,long,"[0.0454, 0.044]",0.044700000000000004,0.043,"[0.0465, 0.0475, 0.049, 0.0505, 0.0525, 0.055, 0.058]","Coin: #ANKR/USDT

Long Set-Up 

Leverage: 5-10x

#ANKR already breaked out the Symmetrical traingle and looking Bullish.

Entry: 0.04540 - 0.04400$(Buy partially)

Targets: 0.0465 - 0.0475 - 0.0490 - 0.0505 - 0.0525 - 0.0550 - 0.0580$(Short term)

Stop-loss: 0.0430$",0.031319910514541506,0.0380313199105147,7,1.058823529411758,1.647058823529403,2.5294117647058707,3.4117647058823386,4.5882352941176245,6.058823529411738,7.823529411764673,,,,,,,,0,False,False,False,True,True,"[4552, 4553, 4554]"
4626,2024-04-30T21:38:41,OP,USDT,short,"[2.3, 2.4]",2.3499999999999996,2.5,"[2.22, 2.16, 2.1, 2.04, 1.94, 1.84, 1.76, 1.7]","Coin: #OP/USDT

Short Set-Up 

Leverage: 5-10x

#OP already breaked down the Uptrend Channel and looking bearish.

Entry: 2.30 - 2.40$(Enter partially)

Targets: 2.22 - 2.16 - 2.10 - 2.04 - 1.94 - 1.84 - 1.76 - 1.70$(Short term)

Stop-loss: 2.50$",0.04255319148936175,0.06382978723404271,8,0.8666666666666609,1.2666666666666604,1.6666666666666599,2.0666666666666593,2.733333333333325,3.3999999999999893,3.9333333333333216,4.333333333333321,,,,,,,8,True,True,False,False,True,"[4627, 4636, 4640, 4642, 4644, 4646, 4649, 4652, 4657, 4663, 4664, 4665, 4667, 4669, 4673, 4675, 4677, 4686, 4688, 4693, 4695, 4698, 4701, 4705, 4711, 4712, 4716, 4720, 4721, 4722, 4724, 4730, 4731, 4733]"
4652,2024-05-05T23:17:59,AR,USDT,long,"[39.2, 37.5]",38.35,35.5,"[40.5, 41.5, 42.5, 43.5, 45.5, 47.5, 49.5, 52.0]","Coin: #AR/USDT

Long Set-Up 

Leverage: 5-10x

#AR already breaked out the inverse head and shoulders pattern and looking Bullish.

Entry: 39.200 - 37.500$(Buy partially)

Targets: 40.500 - 41.500 - 42.500 - 43.500 - 45.500 - 47.500 - 49.500 - 52.000$(Short-mid term)

Stop-loss: 35.500$",0.04432855280312915,0.07431551499348113,8,0.7543859649122798,1.1052631578947358,1.4561403508771917,1.8070175438596476,2.5087719298245594,3.2105263157894717,3.9122807017543835,4.789473684210523,,,,,,,8,True,True,False,False,True,"[4653, 4654, 4655, 4656, 4657, 4658, 4660, 4661, 4664, 4665, 4666, 4667, 4668, 4669, 4670, 4671, 4672, 4673, 4674, 4675, 4676, 4677, 4678, 4679, 4680, 4681, 4682, 4683, 4684, 4687, 4688, 4689, 4690, 4691, 4692, 4693, 4695, 4696, 4697, 4698, 4699, 4700, 4701, 4702, 4703, 4704, 4705, 4706, 4707, 4708, 4709, 4710, 4711, 4712, 4713, 4714, 4716, 4717, 4718, 4719, 4720, 4721, 4722, 4723, 4724, 4725, 4726, 4727, 4728, 4730, 4731, 4732, 4733, 4734, 4735, 4736, 4742, 4744, 4745, 4747, 4748, 4749, 4750, 4751, 4752, 4753, 4754, 4756, 4757, 4758, 4759, 4761, 4762, 4763, 4764, 4765, 4766, 4767, 4768, 4770, 4771, 4772, 4773, 4774, 4775]"
4787,2024-06-04T21:33:54,CKB,USDT,long,"[0.0178, 0.0172]",0.0175,0.0166,"[0.0183, 0.0189, 0.0193, 0.0198, 0.0206, 0.0216, 0.0225, 0.024, 0.026]","Coin: #CKB/USDT

Long Set-Up 

Leverage: 5-10x

#CKB already breaked out the Symmetrical traingle and looking Bullish.

Entry: 0.0178 - 0.0172$(Buy partially)

Targets: 0.0183 - 0.0189 - 0.0193 - 0.0198 - 0.0206 - 0.0216 - 0.0225 - 0.0240 - 0.0260$(Short-mid term)

Stop-loss: 0.0166$",0.034285714285714274,0.05142857142857151,9,0.8888888888888858,1.5555555555555514,1.9999999999999962,2.5555555555555514,3.444444444444437,4.555555555555547,5.555555555555544,7.222222222222209,9.444444444444425,,,,,,3,True,False,True,False,True,"[4788, 4789, 4791, 4801]"
4977,2024-08-13T22:20:58,ENJ,USDT,long,"[0.14, 0.139]",0.1395,0.137,"[0.144, 0.147, 0.15, 0.153, 0.16, 0.168, 0.18]","Coin: #ENJ/USDT

Long Set-Up 

Leverage: 5-10x

#ENJ Already breaked out the Symmetrical traingle and looking Bullish.

Entry: 0.140 - 0.139$(Buy partially)

Targets: 0.144 - 0.147 - 0.150 - 0.153 - 0.160 - 0.168 - 0.180$(Short term)

Stop-loss: 0.137$",0.007168458781362013,0.01792114695340503,7,1.799999999999989,2.999999999999989,4.199999999999989,5.399999999999989,8.199999999999989,11.39999999999999,16.199999999999978,,,,,,,,7,True,True,False,False,True,"[4978, 4979, 4986, 4987, 4991, 4994, 5005, 5011, 5012, 5013, 5016, 5017, 5018, 5019, 5020, 5021, 5028, 5032, 5035, 5037, 5038, 5044, 5045, 5046, 5048, 5050, 5051, 5052, 5053, 5057, 5064, 5067, 5068, 5069, 5070, 5082, 5083, 5092, 5106]"
5029,2024-08-26T18:26:36,TLM,USDT,short,"[0.0127, 0.0132]",0.01295,0.0134,"[0.0125, 0.0122, 0.0119, 0.0116, 0.011, 0.0105, 0.01]","Coin: #TLM/USDT

Short Set-Up 

Leverage: 5-10x

#TLM already breaked down the symmetrical triangle and looking bearish.

Entry: 0.0127 - 0.0132$(Enter partially)

Targets: 0.0125 - 0.0122 - 0.0119 - 0.0116 - 0.0110 - 0.0105 - 0.0100$(Short term)

Stop-loss: 0.0134$",0.038610038610038644,0.034749034749034804,7,0.9999999999999961,1.6666666666666616,2.333333333333327,2.999999999999996,4.333333333333327,5.444444444444433,6.555555555555544,,,,,,,,6,True,False,True,False,True,"[5030, 5032, 5035, 5037, 5046, 5053]"
5054,2024-09-04T15:44:29,OP,USDT,short,"[1.31, 1.35]",1.33,1.39,"[1.28, 1.25, 1.22, 1.19, 1.14, 1.09, 1.05]","Coin: #OP/USDT

Short Set-Up 

Leverage: 5-10x

#OP already breaked down the Descending Triangle and looking bearish.

Entry: 1.31 - 1.35$(Enter partially)

Targets: 1.28 - 1.25 - 1.22 - 1.19 - 1.14 - 1.09 - 1.05$(Short term)

Stop-loss: 1.39$",0.030075187969924838,0.04511278195488709,7,0.8333333333333364,1.3333333333333384,1.8333333333333401,2.333333333333342,3.1666666666666785,4.0000000000000115,4.66666666666668,,,,,,,,2,True,False,True,False,True,"[5055, 5056, 5061, 5062, 5065, 5072, 5075, 5086, 5088, 5091, 5094, 5097, 5099, 5100, 5104, 5107, 5109, 5111, 5113, 5115, 5116, 5118, 5120, 5124, 5125, 5133, 5137, 5142, 5143, 5148, 5150, 5152, 5176, 5179, 5184, 5185, 5187]"
5072,2024-09-09T21:43:48,IOTX,USDT,long,"[0.0339, 0.0325]",0.0332,0.0315,"[0.0346, 0.0354, 0.0362, 0.037, 0.0385, 0.04]","Coin: #IOTX/USDT

Long Set-Up 

Leverage: 5-10x

#IOTX already breaked out the Downtrend channel and looking Bullish.

Entry: 0.03390 - 0.03250$(Buy partially)

Targets: 0.03460 - 0.03540 - 0.03620 - 0.03700 - 0.03850 - 0.04000$(Short term)

Stop-loss: 0.03150$",0.042168674698795136,0.05120481927710844,6,0.823529411764705,1.2941176470588238,1.7647058823529427,2.2352941176470575,3.1176470588235285,4.0,,,,,,,,,6,True,True,False,False,True,"[5082, 5083, 5106]"
5111,2024-09-21T20:38:08,OP,USDT,long,"[1.7, 1.64]",1.67,1.6,"[1.74, 1.78, 1.82, 1.86, 1.94, 2.02, 2.1]","Coin: #OP/USDT

Long Set-Up 

Leverage: 5-10x

#OP already breaked out the ascending triangle and looking Bullish.

Entry: 1.70 - 1.64$(Buy partially)

Targets: 1.74 - 1.78 - 1.82 - 1.86 - 1.94 - 2.02 - 2.10$(Short term)

Stop-loss: 1.60$",0.035928143712574884,0.041916167664670566,7,1.000000000000003,1.5714285714285765,2.1428571428571495,2.714285714285723,3.857142857142866,5.000000000000012,6.142857142857159,,,,,,,,2,True,False,True,False,True,"[5113, 5115, 5116, 5118, 5120, 5124, 5125, 5133, 5137, 5142, 5143, 5148, 5150, 5152, 5176, 5179, 5184, 5185, 5187, 5193, 5198, 5216, 5218, 5223, 5227, 5230, 5233, 5246, 5252, 5254]"
5274,2024-11-10T16:39:36,AR,USDT,long,"[19.3, 18.0]",18.65,17.0,"[19.8, 20.4, 20.9, 21.4, 22.4, 23.4, 24.6, 26.0]","Coin: #AR/USDT

Long Set-Up 

Leverage: 5-10x

#AR already breaked out the Falling wedge pattern and looking Bullish.

Entry: 19.300 - 18.000$(Enter partially)

Targets: 19.800 - 20.400 - 20.900 - 21.400 - 22.400 - 23.400 - 24.600 - 26.000$(Short-mid term)

Stop-loss: 17.000$",0.06970509383378021,0.08847184986595168,8,0.6969696969696989,1.0606060606060614,1.3636363636363649,1.666666666666668,2.2727272727272747,2.878787878787881,3.606060606060611,4.4545454545454595,,,,,,,8,True,True,False,False,True,"[5275, 5276, 5278, 5280, 5281, 5282, 5283, 5284, 5285, 5287, 5288, 5290, 5291, 5292, 5293, 5294, 5296, 5297, 5299, 5300, 5301, 5302, 5305, 5306, 5307, 5319, 5320, 5321, 5322, 5323, 5324, 5326, 5327, 5328, 5330, 5331, 5332, 5334, 5335, 5336, 5337, 5338, 5339, 5340, 5341, 5344, 5346, 5347, 5348, 5350, 5351, 5353, 5358, 5359, 5360, 5361, 5362, 5363, 5364, 5365, 5368, 5372, 5386, 5387, 5388, 5389, 5390, 5391, 5392, 5393, 5394, 5395, 5396, 5397, 5398, 5402, 5403, 5404, 5405, 5406, 5407, 5408, 5409]"
5302,2024-11-13T23:49:08,MANA,USDT,short,"[0.3298, 0.336]",0.3329,0.344,"[0.322, 0.314, 0.306, 0.3, 0.285, 0.272, 0.26]","Coin: #MANA/USDT

Short Set-Up 

Leverage: 5-10x

#MANA already breaked down the Head and shoulder pattern and looking bearish.

Entry: 0.3298 - 0.3360$

Targets: 0.3220 - 0.3140 - 0.3060 - 0.3000 - 0.2850 - 0.2720 - 0.2600$(Short term)

Stop-loss: 0.3440$",0.01862421147491751,0.03334334635025533,7,0.981981981981979,1.7027027027027004,2.4234234234234218,2.963963963963963,4.315315315315315,5.486486486486483,6.567567567567565,,,,,,,,0,False,False,False,True,True,"[5303, 5304, 5306, 5309, 5320, 5322, 5336, 5347, 5351, 5358, 5360, 5387, 5389, 5396, 5406, 5417, 5419, 5423]"
5386,2024-11-25T06:20:02,AR,USDT,long,"[22.1, 20.5]",21.3,19.5,"[22.5, 23.0, 23.5, 24.0, 25.0, 26.0, 27.5, 28.8, 30.0]","Coin: #AR/USDT

Long Set-Up 

Leverage: 5-10x

#AR already breaked out the Inverse head and shoulder pattern and looking Bullish.

Entry: 22.1 - 20.5$(Buy partially )

Targets: 22.5 - 23 - 23.5 - 24 - 25 - 26 - 27.5 - 28.8 - 30$(short-mid term)

Stop-loss: 19.5$",0.07511737089201885,0.08450704225352115,9,0.666666666666666,0.9444444444444436,1.2222222222222214,1.4999999999999991,2.0555555555555545,2.61111111111111,3.444444444444443,4.166666666666665,4.833333333333331,,,,,,9,True,True,False,False,True,"[5387, 5388, 5389, 5390, 5391, 5392, 5393, 5394, 5395, 5396, 5397, 5398, 5402, 5403, 5404, 5405, 5406, 5407, 5408, 5409, 5410, 5411, 5412, 5413, 5414, 5416, 5417, 5418, 5419, 5420, 5421, 5422, 5423, 5424, 5425, 5426, 5427, 5429, 5430, 5431, 5433, 5434, 5435, 5436, 5437, 5438, 5439, 5440, 5441, 5442, 5443, 5444, 5445, 5446, 5447, 5448, 5449, 5450, 5451, 5452, 5453, 5454, 5455, 5456, 5457, 5458, 5459, 5460, 5461, 5462, 5464, 5465, 5466, 5468, 5469, 5470, 5472, 5474, 5475, 5476, 5477, 5478, 5479, 5480, 5482, 5483, 5484, 5485, 5487, 5488, 5489, 5491, 5492, 5493, 5494, 5495, 5496, 5497, 5498, 5499, 5500, 5501, 5502, 5503, 5504, 5505]"
5451,2024-12-09T13:01:50,LEVER,USDT,short,"[0.00252, 0.0026]",0.0025599999999999998,0.0027,"[0.00246, 0.0024, 0.00234, 0.00228, 0.0022, 0.0021, 0.00195]","Coin: #LEVER/USDT

Short Set-Up 

Leverage: 5-10x

#LEVER already breaked down the support trendline and looking bearish.

Entry: 0.00252 - 0.00260$

Targets: 0.00246 - 0.00240 - 0.00234 - 0.00228 - 0.00220 - 0.00210 - 0.00195$(Short term)

Stop-loss: 0.00270$",0.031249999999999917,0.054687500000000146,7,0.7142857142857112,1.1428571428571397,1.5714285714285652,1.9999999999999938,2.5714285714285623,3.2857142857142763,4.357142857142844,,,,,,,,7,True,True,False,False,True,"[5452, 5454, 5455, 5456, 5457, 5458, 5459, 5461, 5462, 5464, 5465, 5466, 5468, 5469, 5470, 5474, 5475, 5476, 5478, 5480, 5482, 5483, 5484, 5485, 5487, 5488, 5489, 5491, 5493, 5494, 5495, 5496, 5497, 5498, 5499, 5500, 5501, 5503, 5504, 5505, 5510, 5512, 5516, 5518, 5524, 5525, 5528, 5531, 5533, 5534, 5537, 5538, 5539, 5540, 5541, 5543, 5544, 5545, 5546, 5547, 5548, 5549, 5550, 5554, 5555, 5557, 5558, 5559, 5560, 5561, 5562, 5563, 5564, 5565, 5566, 5567, 5568, 5569, 5570, 5571]"
5681,2025-02-27T21:24:03,ONE,USDT,short,"[0.01419, 0.015]",0.014595,0.016,"[0.0138, 0.0134, 0.013, 0.0126, 0.0118, 0.011, 0.0102, 0.0092, 0.008]","Coin: #ONE/USDT

Short Set-Up 

Leverage: 5-10x

#ONE already breaked down the Bear flag and looking bearish.

Entry: 0.01419 - 0.01500$(Enter partially)

Targets: 0.01380 - 0.01340 - 0.01300 - 0.01260 - 0.01180 - 0.01100 - 0.01020 - 0.00920 - 0.00800$(Short-mid term)

Stop-loss: 0.01600$",0.05549845837615621,0.09626584446728331,9,0.5658362989323847,0.8505338078291814,1.1352313167259793,1.419928825622776,1.9893238434163705,2.558718861209965,3.1281138790035583,3.839857651245552,4.693950177935943,,,,,,9,True,True,False,False,True,"[5682, 5684, 5685, 5689, 5694, 5695, 5696, 5697, 5698, 5702, 5707, 5712, 5713, 5714, 5717, 5718, 5720, 5721, 5722, 5723, 5725, 5726, 5733, 5734, 5735, 5736, 5737, 5740, 5741, 5746, 5748, 5749, 5756, 5758, 5759, 5760, 5761, 5762, 5765, 5769, 5772, 5776, 5777, 5783, 5784, 5785, 5786, 5787, 5790, 5793]"
5690,2025-03-01T20:11:35,NEAR,USDT,long,"[3.255, 3.18]",3.2175000000000002,3.1,"[3.34, 3.42, 3.5, 3.58, 3.75, 3.88, 4.0]","Coin: #NEAR/USDT

Long Set-Up 

Leverage: 5-10x

#NEAR already breaked out the inverse cup and handle pattern and looking Bullish.

Entry: 3.255 - 3.180$(Buy partially)

Targets: 3.340 - 3.420 - 3.500 - 3.580 - 3.750 - 3.880 - 4.000$(Short term)

Stop-loss: 3.100$",0.023310023310023225,0.03651903651903657,7,1.0425531914893569,1.7234042553191438,2.404255319148931,3.0851063829787178,4.531914893617013,5.638297872340415,6.659574468085095,,,,,,,,0,False,False,False,True,True,"[5691, 5697, 5741]"
5710,2025-03-09T13:33:02,PEOPLE,USDT,short,"[0.0157, 0.017]",0.01635,0.0185,"[0.0152, 0.0148, 0.0144, 0.014, 0.0132, 0.0124, 0.0116, 0.0108, 0.0095, 0.008]","Coin: #PEOPLE/USDT

Short Set-Up 

Leverage: 5-10x

#PEOPLE already breaked down the Bear flag and looking bearish.

Entry: 0.0157 - 0.0170$(Enter partially)

Targets: 0.0152 - 0.0148 - 0.0144 - 0.0140 - 0.0132 - 0.0124 - 0.0116 - 0.0108 - 0.0095 - 0.0080$(Short-mid term)

Stop-loss: 0.0185$",0.07951070336391453,0.13149847094801217,10,0.5348837209302327,0.7209302325581395,0.906976744186047,1.0930232558139539,1.465116279069768,1.8372093023255822,2.2093023255813966,2.58139534883721,3.186046511627908,3.8837209302325597,,,,,4,True,False,True,False,True,"[5711, 5712, 5713, 5717, 5724, 5767, 5800, 5810]"
5798,2025-04-14T14:16:16,BTC,USDT,long,"[84700.0, 82000.0]",83350.0,79000.0,"[87000.0, 89000.0, 91000.0, 93000.0, 96000.0, 100000.0]","Coin: #BTC/USDT

Long Set-Up 

Leverage: 5-10x

#BTC already breaked out the Downtrend channel and looking Bullish.

Entry: 84700 - 82000$(Buy partially)

Targets: 87000 - 89000 - 91000 - 93000 - 96000 - 100000$(Short term)

Stop-loss: 79000$",0.03239352129574085,0.052189562087582485,6,0.8390804597701149,1.2988505747126438,1.7586206896551724,2.218390804597701,2.9080459770114944,3.8275862068965516,,,,,,,,,5,True,False,True,False,True,"[5799, 5809, 5819, 5820, 5821, 5827, 5852, 5882, 5884, 5904, 5909, 5915]"
5802,2025-04-16T00:25:31,LEVER,USDT,short,"[0.000409, 0.000425]",0.000417,0.00044,"[0.0004, 0.00039, 0.00038, 0.00037, 0.000345, 0.00032]","Coin: #LEVER/USDT

Short Set-Up 

Leverage: 5-10x

#LEVER already breaked down the Bear flag and looking bearish.

Entry: 0.0004090 - 0.0004250$(Enter partially)

Targets: 0.0004000 - 0.0003900 - 0.0003800 - 0.0003700 - 0.0003450 - 0.0003200$(Short term)

Stop-loss: 0.0004400$",0.03836930455635481,0.05515587529976023,6,0.7391304347826073,1.1739130434782603,1.6086956521739109,2.043478260869564,3.130434782608694,4.217391304347822,,,,,,,,,6,True,True,False,False,True,"[5803, 5804, 5805, 5806, 5807, 5808, 5812, 5813, 5814, 5815, 5816, 5817, 5818, 5819, 5821, 5822, 5823, 5824, 5825, 5826, 5827, 5828, 5829, 5830, 5831, 5832, 5838, 5843, 5845, 5847, 5852, 5853, 5854, 5856, 5857, 5859, 5870, 5871, 5872, 5873, 5874, 5875, 5876, 5878, 5880, 5881, 5882, 5883, 5884, 5885, 5886, 5887, 5888, 5890, 5891, 5893, 5894, 5896, 5897, 5898, 5900, 5901, 5902, 5903, 5905, 5906, 5907, 5909, 5910, 5912, 5913, 5914, 5919, 5923, 5924, 5925]"
6075,2025-06-11T00:33:37,LEVER,USDT,long,"[0.000486, 0.00047]",0.000478,0.00045,"[0.0005, 0.000515, 0.000525, 0.00054, 0.000565, 0.00059, 0.00062]","Coin: #LEVERUSDT

Long Set-Up

Leverage: 5-10x

#LEVER already broke out of the falling wedge pattern and is looking bullish.

Entry: $0.0004860 - $0.0004700 (Buy partially)

Targets: $0.0005000 - $0.0005150 - $0.0005250 - $0.0005400 - $0.0005650 - $0.0005900 - $0.0006200 (Short-mid term)

Stop-loss: $0.0004500",0.03347280334728035,0.05857740585774065,7,0.7857142857142846,1.3214285714285712,1.678571428571425,2.2142857142857113,3.107142857142852,3.999999999999996,5.071428571428565,,,,,,,,7,True,True,False,False,True,"[6076, 6080, 6081, 6083, 6084, 6085, 6087, 6088, 6090, 6091, 6092, 6094, 6095, 6098, 6099, 6100, 6101, 6102, 6104, 6105, 6106, 6107, 6110, 6111, 6112, 6113, 6114, 6116, 6117, 6118, 6119, 6120, 6121, 6122, 6123, 6124, 6125, 6128, 6129, 6130, 6131, 6134, 6137, 6138, 6139, 6140, 6141, 6142, 6143, 6144, 6145, 6155, 6158, 6159, 6161, 6162, 6163, 6171, 6172, 6173, 6174, 6176, 6178, 6179, 6181, 6182, 6183, 6184, 6185, 6187, 6188, 6189, 6190, 6191, 6192, 6194]"
6210,2025-07-16T21:05:07,ACT,USDT,long,"[0.0477, 0.0465]",0.0471,0.045,"[0.049, 0.0505, 0.052, 0.0535, 0.056]","Coin: #ACTUSDT

Long Signal

Leverage: 5-10x

#ACT has already broken out of the cup and handle pattern and is looking bullish.

Entry: 0.04770 - 0.04650$ (Buy partially)

Targets: 0.04900 - 0.05050 - 0.05200 - 0.05350 - 0.05600$ (Short term)

Stoploss: 0.04500$",0.025477707006369418,0.04458598726114659,5,0.9047619047619022,1.6190476190476155,2.3333333333333255,3.047619047619039,4.2380952380952275,,,,,,,,,,1,True,False,True,False,True,"[6211, 6213, 6237, 6241, 6242]"
6247,2025-07-26T21:52:41,REZ,USDT,long,"[0.01308, 0.0128]",0.01294,0.0124,"[0.0134, 0.0138, 0.0141, 0.0144, 0.0152, 0.016, 0.017]","Coin: #REZUSDT

Long Set-Up

Leverage: 5-10x

#REZ already broke out of the falling wedge pattern and is looking bullish.

Entry: 0.01308 - 0.01280$ (Buy partially)

Targets: 0.01340 - 0.01380 - 0.01410 - 0.01440 - 0.01520 - 0.01600 - 0.01700$ (Short term)

Stoploss: 0.01240$",0.0216383307573415,0.04173106646058737,7,0.8518518518518516,1.5925925925925903,2.1481481481481453,2.7037037037037,4.185185185185181,5.666666666666662,7.518518518518513,,,,,,,,0,False,False,False,True,True,"[6248, 6252]"
6455,2025-09-04T17:56:03,BNB,USDT,short,"[845.0, 852.0]",848.5,860.0,"[828.0, 808.0, 792.0, 776.0, 760.0]","Coin: #BNBUSDT

Direction: Short

Leverage: 5-10x

#BNB already broke down the symmetrical triangle and is looking bearish.

Entry: 845 - 852$ (Enter partially)

Targets: 828 - 808 - 792 - 776 - 760$ (Short term)

Stoploss: 860$",0.008249852681202121,0.013553329404832056,5,1.7826086956521738,3.5217391304347827,4.913043478260869,6.304347826086956,7.695652173913044,,,,,,,,,,0,False,False,False,True,True,"[6456, 6461, 6464, 6465, 6489, 6524, 6534]"
6497,2025-09-13T08:35:24,DENT,USDT,long,"[0.000795, 0.00077]",0.0007825,0.00074,"[0.000815, 0.000835, 0.000855, 0.00087, 0.0009]","Coin: #DENTUSDT

Direction: Long

Leverage: 10x

#DENT has already broken out of the downtrend channel and is looking bullish.

Entry: 0.000795 - 0.000770$ (Buy partially)

Targets: 0.000815 - 0.000835 - 0.000855 - 0.000870 - 0.000900$ (Short term)

Stoploss: 0.000740$",0.03194888178913746,0.05431309904153355,5,0.7647058823529406,1.2352941176470593,1.7058823529411757,2.058823529411765,2.7647058823529407,,,,,,,,,,0,False,False,False,True,True,"[6498, 6504]"
6582,2025-10-13T23:20:22,ETH,USDT,long,"[4280.0, 4160.0]",4220.0,4040.0,"[4360.0, 4480.0, 4600.0, 4720.0, 5000.0]","Coin: #ETHUSDT

Direction: Long

Leverage: 5-10x

#ETH has already broken out of the cup and handle pattern and is looking bullish.

Entry: 4280 - 4160$ (Buy partially)

Targets: 4360 - 4480 - 4600 - 4720 - 5000$ (Short term)

Stoploss: 4040$",0.02843601895734597,0.04265402843601896,5,0.7777777777777778,1.4444444444444444,2.111111111111111,2.7777777777777777,4.333333333333333,,,,,,,,,,2,True,False,True,False,True,"[6583, 6589, 6592, 6596, 6607, 6635, 6636, 6642, 6645, 6664, 6676, 6683, 6700]"
6584,2025-10-13T23:27:51,OP,USDT,long,"[0.506, 0.5]",0.503,0.485,"[0.52, 0.532, 0.544, 0.556, 0.585, 0.621]","Coin: #OPUSDT

Direction: Long

Leverage: 5-10x

#OP already broke out of the ascending triangle and is looking bullish.

Entry: 0.5060 - 0.5000$ (Buy partially)

Targets: 0.5200 - 0.5320 - 0.5440 - 0.5560 - 0.5850 - 0.6210$ (Short term)

Stoploss: 0.4850$",0.011928429423459255,0.03578528827037777,6,0.9444444444444444,1.6111111111111112,2.2777777777777777,2.9444444444444446,4.555555555555549,6.555555555555549,,,,,,,,,0,False,False,False,True,True,"[6585, 6590, 6592, 6594, 6610, 6612, 6614, 6619, 6623, 6625, 6634, 6636, 6639, 6646, 6649, 6651, 6653, 6658, 6660, 6662, 6666, 6668, 6670, 6674, 6675, 6676, 6677, 6679, 6684, 6686, 6689, 6695, 6699, 6700, 6702, 6704, 6706]"
6636,2025-10-26T21:24:10,ETH,USDT,long,"[4060.0, 3960.0]",4010.0,3880.0,"[4150.0, 4250.0, 4350.0, 4450.0, 4600.0, 4800.0]","Coin: #ETHUSDT

Direction: Long

Leverage: 5-10x

#ETH already broke out of the symmetrical triangle and is looking bullish.

Entry: 4060 - 3960$ (Buy partially)

Targets: 4150 - 4250 - 4350 - 4450 - 4600 - 4800$ (Short term)

Stoploss: 3880$",0.02493765586034913,0.032418952618453865,6,1.0769230769230769,1.8461538461538463,2.6153846153846154,3.3846153846153846,4.538461538461538,6.076923076923077,,,,,,,,,2,True,False,True,False,True,"[6637, 6642, 6645, 6664, 6676, 6683, 6700, 6711, 6720, 6733, 6739, 6750]"
6947,2026-02-18T20:40:29,ENJ,USDT,short,"[0.0203, 0.021]",0.02065,0.0215,"[0.02, 0.0196, 0.0192, 0.0188, 0.0178, 0.0165]","Coin: #ENJUSDT

Direction: Short

Leverage: 5-10x

It has already broken down a symmetrical triangle and is looking bearish.

Entry: $0.02030 - $0.02100 (Enter partially)

Targets: $0.02000 - $0.01960 - $0.01920 - $0.01880 - $0.01780 - $0.01650 (Short term)

Stop-loss: $0.02150",0.03389830508474589,0.0411622276029054,6,0.7647058823529458,1.2352941176470664,1.7058823529411873,2.176470588235304,3.352941176470604,4.882352941176491,,,,,,,,,6,True,True,False,False,True,"[6948, 6951, 6952, 6953, 6954, 6956, 6960, 6961, 6962, 6963, 6967, 6970, 6971, 6973, 6979, 6982, 6983, 6988, 6993, 7000, 7001]"
